score,time,samples,subject,session,channels,n_sessions,dataset,pipeline,band_low,band_high,band_label,n_components,config_name,subject_norm
0.5592207,8.719065,2304.0,1,0train,22,2,BNCI2014-001,band_8_30__csp_4,8,30,8-30,4,band_8_30__csp_4,1
0.6847994,8.719065,2304.0,1,1test,22,2,BNCI2014-001,band_8_30__csp_4,8,30,8-30,4,band_8_30__csp_4,1
0.5785108,8.64313,2304.0,2,0train,22,2,BNCI2014-001,band_8_30__csp_4,8,30,8-30,4,band_8_30__csp_4,2
0.5464892,8.64313,2304.0,2,1test,22,2,BNCI2014-001,band_8_30__csp_4,8,30,8-30,4,band_8_30__csp_4,2
0.81693673,8.583048,2304.0,3,0train,22,2,BNCI2014-001,band_8_30__csp_4,8,30,8-30,4,band_8_30__csp_4,3
0.7991898,8.583048,2304.0,3,1test,22,2,BNCI2014-001,band_8_30__csp_4,8,30,8-30,4,band_8_30__csp_4,3
0.7486497,8.567789,2304.0,4,0train,22,2,BNCI2014-001,band_8_30__csp_4,8,30,8-30,4,band_8_30__csp_4,4
0.80189043,8.567789,2304.0,4,1test,22,2,BNCI2014-001,band_8_30__csp_4,8,30,8-30,4,band_8_30__csp_4,4
0.48842594,8.579103,2304.0,5,0train,22,2,BNCI2014-001,band_8_30__csp_4,8,30,8-30,4,band_8_30__csp_4,5
0.61361885,8.579103,2304.0,5,1test,22,2,BNCI2014-001,band_8_30__csp_4,8,30,8-30,4,band_8_30__csp_4,5
0.6876929,8.7157545,2304.0,6,0train,22,2,BNCI2014-001,band_8_30__csp_4,8,30,8-30,4,band_8_30__csp_4,6
0.6114969,8.7157545,2304.0,6,1test,22,2,BNCI2014-001,band_8_30__csp_4,8,30,8-30,4,band_8_30__csp_4,6
0.74382716,8.42943,2304.0,7,0train,22,2,BNCI2014-001,band_8_30__csp_4,8,30,8-30,4,band_8_30__csp_4,7
0.7800926,8.42943,2304.0,7,1test,22,2,BNCI2014-001,band_8_30__csp_4,8,30,8-30,4,band_8_30__csp_4,7
0.9876543,8.553223,2304.0,8,0train,22,2,BNCI2014-001,band_8_30__csp_4,8,30,8-30,4,band_8_30__csp_4,8
0.9876543,8.553223,2304.0,8,1test,22,2,BNCI2014-001,band_8_30__csp_4,8,30,8-30,4,band_8_30__csp_4,8
0.8043981,8.55476,2304.0,9,0train,22,2,BNCI2014-001,band_8_30__csp_4,8,30,8-30,4,band_8_30__csp_4,9
0.73051697,8.55476,2304.0,9,1test,22,2,BNCI2014-001,band_8_30__csp_4,8,30,8-30,4,band_8_30__csp_4,9
0.90933645,8.422461,2304.0,1,0train,22,2,BNCI2014-001,band_8_30__csp_6,8,30,8-30,6,band_8_30__csp_6,1
0.9398148,8.422461,2304.0,1,1test,22,2,BNCI2014-001,band_8_30__csp_6,8,30,8-30,6,band_8_30__csp_6,1
0.56963736,8.4955225,2304.0,2,0train,22,2,BNCI2014-001,band_8_30__csp_6,8,30,8-30,6,band_8_30__csp_6,2
0.56635803,8.4955225,2304.0,2,1test,22,2,BNCI2014-001,band_8_30__csp_6,8,30,8-30,6,band_8_30__csp_6,2
0.9857253,8.52758,2304.0,3,0train,22,2,BNCI2014-001,band_8_30__csp_6,8,30,8-30,6,band_8_30__csp_6,3
0.97820216,8.52758,2304.0,3,1test,22,2,BNCI2014-001,band_8_30__csp_6,8,30,8-30,6,band_8_30__csp_6,3
0.74459875,8.4498825,2304.0,4,0train,22,2,BNCI2014-001,band_8_30__csp_6,8,30,8-30,6,band_8_30__csp_6,4
0.794946,8.4498825,2304.0,4,1test,22,2,BNCI2014-001,band_8_30__csp_6,8,30,8-30,6,band_8_30__csp_6,4
0.4861111,8.586006,2304.0,5,0train,22,2,BNCI2014-001,band_8_30__csp_6,8,30,8-30,6,band_8_30__csp_6,5
0.6174769,8.586006,2304.0,5,1test,22,2,BNCI2014-001,band_8_30__csp_6,8,30,8-30,6,band_8_30__csp_6,5
0.69116515,8.511932,2304.0,6,0train,22,2,BNCI2014-001,band_8_30__csp_6,8,30,8-30,6,band_8_30__csp_6,6
0.63753855,8.511932,2304.0,6,1test,22,2,BNCI2014-001,band_8_30__csp_6,8,30,8-30,6,band_8_30__csp_6,6
0.67901236,8.6094,2304.0,7,0train,22,2,BNCI2014-001,band_8_30__csp_6,8,30,8-30,6,band_8_30__csp_6,7
0.716821,8.6094,2304.0,7,1test,22,2,BNCI2014-001,band_8_30__csp_6,8,30,8-30,6,band_8_30__csp_6,7
0.9878472,8.553461,2304.0,8,0train,22,2,BNCI2014-001,band_8_30__csp_6,8,30,8-30,6,band_8_30__csp_6,8
0.9834105,8.553461,2304.0,8,1test,22,2,BNCI2014-001,band_8_30__csp_6,8,30,8-30,6,band_8_30__csp_6,8
0.8061343,8.515231,2304.0,9,0train,22,2,BNCI2014-001,band_8_30__csp_6,8,30,8-30,6,band_8_30__csp_6,9
0.74151236,8.515231,2304.0,9,1test,22,2,BNCI2014-001,band_8_30__csp_6,8,30,8-30,6,band_8_30__csp_6,9
0.9074074,8.614521,2304.0,1,0train,22,2,BNCI2014-001,band_8_30__csp_8,8,30,8-30,8,band_8_30__csp_8,1
0.94251543,8.614521,2304.0,1,1test,22,2,BNCI2014-001,band_8_30__csp_8,8,30,8-30,8,band_8_30__csp_8,1
0.5659722,8.4999695,2304.0,2,0train,22,2,BNCI2014-001,band_8_30__csp_8,8,30,8-30,8,band_8_30__csp_8,2
0.55748457,8.4999695,2304.0,2,1test,22,2,BNCI2014-001,band_8_30__csp_8,8,30,8-30,8,band_8_30__csp_8,2
0.9868827,8.457411,2304.0,3,0train,22,2,BNCI2014-001,band_8_30__csp_8,8,30,8-30,8,band_8_30__csp_8,3
0.978588,8.457411,2304.0,3,1test,22,2,BNCI2014-001,band_8_30__csp_8,8,30,8-30,8,band_8_30__csp_8,3
0.7509645,8.735108,2304.0,4,0train,22,2,BNCI2014-001,band_8_30__csp_8,8,30,8-30,8,band_8_30__csp_8,4
0.80574846,8.735108,2304.0,4,1test,22,2,BNCI2014-001,band_8_30__csp_8,8,30,8-30,8,band_8_30__csp_8,4
0.49382716,8.605246,2304.0,5,0train,22,2,BNCI2014-001,band_8_30__csp_8,8,30,8-30,8,band_8_30__csp_8,5
0.61728394,8.605246,2304.0,5,1test,22,2,BNCI2014-001,band_8_30__csp_8,8,30,8-30,8,band_8_30__csp_8,5
0.6847994,8.531437,2304.0,6,0train,22,2,BNCI2014-001,band_8_30__csp_8,8,30,8-30,8,band_8_30__csp_8,6
0.6404321,8.531437,2304.0,6,1test,22,2,BNCI2014-001,band_8_30__csp_8,8,30,8-30,8,band_8_30__csp_8,6
0.69926697,8.5338,2304.0,7,0train,22,2,BNCI2014-001,band_8_30__csp_8,8,30,8-30,8,band_8_30__csp_8,7
0.71045524,8.5338,2304.0,7,1test,22,2,BNCI2014-001,band_8_30__csp_8,8,30,8-30,8,band_8_30__csp_8,7
0.990162,8.578124,2304.0,8,0train,22,2,BNCI2014-001,band_8_30__csp_8,8,30,8-30,8,band_8_30__csp_8,8
0.98746145,8.578124,2304.0,8,1test,22,2,BNCI2014-001,band_8_30__csp_8,8,30,8-30,8,band_8_30__csp_8,8
0.8362269,8.667803,2304.0,9,0train,22,2,BNCI2014-001,band_8_30__csp_8,8,30,8-30,8,band_8_30__csp_8,9
0.79031634,8.667803,2304.0,9,1test,22,2,BNCI2014-001,band_8_30__csp_8,8,30,8-30,8,band_8_30__csp_8,9
0.9087577,8.596833,2304.0,1,0train,22,2,BNCI2014-001,band_8_30__csp_10,8,30,8-30,10,band_8_30__csp_10,1
0.94290125,8.596833,2304.0,1,1test,22,2,BNCI2014-001,band_8_30__csp_10,8,30,8-30,10,band_8_30__csp_10,1
0.57021606,8.535641,2304.0,2,0train,22,2,BNCI2014-001,band_8_30__csp_10,8,30,8-30,10,band_8_30__csp_10,2
0.52334106,8.535641,2304.0,2,1test,22,2,BNCI2014-001,band_8_30__csp_10,8,30,8-30,10,band_8_30__csp_10,2
0.9878472,8.590962,2304.0,3,0train,22,2,BNCI2014-001,band_8_30__csp_10,8,30,8-30,10,band_8_30__csp_10,3
0.97878087,8.590962,2304.0,3,1test,22,2,BNCI2014-001,band_8_30__csp_10,8,30,8-30,10,band_8_30__csp_10,3
0.7478781,8.601769,2304.0,4,0train,22,2,BNCI2014-001,band_8_30__csp_10,8,30,8-30,10,band_8_30__csp_10,4
0.80420524,8.601769,2304.0,4,1test,22,2,BNCI2014-001,band_8_30__csp_10,8,30,8-30,10,band_8_30__csp_10,4
0.49633488,8.5951,2304.0,5,0train,22,2,BNCI2014-001,band_8_30__csp_10,8,30,8-30,10,band_8_30__csp_10,5
0.61940587,8.5951,2304.0,5,1test,22,2,BNCI2014-001,band_8_30__csp_10,8,30,8-30,10,band_8_30__csp_10,5
0.70871913,8.541185,2304.0,6,0train,22,2,BNCI2014-001,band_8_30__csp_10,8,30,8-30,10,band_8_30__csp_10,6
0.6539352,8.541185,2304.0,6,1test,22,2,BNCI2014-001,band_8_30__csp_10,8,30,8-30,10,band_8_30__csp_10,6
0.7002315,8.494108,2304.0,7,0train,22,2,BNCI2014-001,band_8_30__csp_10,8,30,8-30,10,band_8_30__csp_10,7
0.7065972,8.494108,2304.0,7,1test,22,2,BNCI2014-001,band_8_30__csp_10,8,30,8-30,10,band_8_30__csp_10,7
0.99151236,8.732965,2304.0,8,0train,22,2,BNCI2014-001,band_8_30__csp_10,8,30,8-30,10,band_8_30__csp_10,8
0.984375,8.732965,2304.0,8,1test,22,2,BNCI2014-001,band_8_30__csp_10,8,30,8-30,10,band_8_30__csp_10,8
0.8327546,8.539925,2304.0,9,0train,22,2,BNCI2014-001,band_8_30__csp_10,8,30,8-30,10,band_8_30__csp_10,9
0.7847222,8.539925,2304.0,9,1test,22,2,BNCI2014-001,band_8_30__csp_10,8,30,8-30,10,band_8_30__csp_10,9
0.91049385,8.603212,2304.0,1,0train,22,2,BNCI2014-001,band_8_30__csp_12,8,30,8-30,12,band_8_30__csp_12,1
0.94135803,8.603212,2304.0,1,1test,22,2,BNCI2014-001,band_8_30__csp_12,8,30,8-30,12,band_8_30__csp_12,1
0.5509259,8.645966,2304.0,2,0train,22,2,BNCI2014-001,band_8_30__csp_12,8,30,8-30,12,band_8_30__csp_12,2
0.5443673,8.645966,2304.0,2,1test,22,2,BNCI2014-001,band_8_30__csp_12,8,30,8-30,12,band_8_30__csp_12,2
0.9861111,8.648142,2304.0,3,0train,22,2,BNCI2014-001,band_8_30__csp_12,8,30,8-30,12,band_8_30__csp_12,3
0.9797454,8.648142,2304.0,3,1test,22,2,BNCI2014-001,band_8_30__csp_12,8,30,8-30,12,band_8_30__csp_12,3
0.7679398,8.738664,2304.0,4,0train,22,2,BNCI2014-001,band_8_30__csp_12,8,30,8-30,12,band_8_30__csp_12,4
0.80478394,8.738664,2304.0,4,1test,22,2,BNCI2014-001,band_8_30__csp_12,8,30,8-30,12,band_8_30__csp_12,4
0.47472993,8.772291,2304.0,5,0train,22,2,BNCI2014-001,band_8_30__csp_12,8,30,8-30,12,band_8_30__csp_12,5
0.62133485,8.772291,2304.0,5,1test,22,2,BNCI2014-001,band_8_30__csp_12,8,30,8-30,12,band_8_30__csp_12,5
0.71161264,8.526773,2304.0,6,0train,22,2,BNCI2014-001,band_8_30__csp_12,8,30,8-30,12,band_8_30__csp_12,6
0.6413966,8.526773,2304.0,6,1test,22,2,BNCI2014-001,band_8_30__csp_12,8,30,8-30,12,band_8_30__csp_12,6
0.69926697,8.615939,2304.0,7,0train,22,2,BNCI2014-001,band_8_30__csp_12,8,30,8-30,12,band_8_30__csp_12,7
0.71566355,8.615939,2304.0,7,1test,22,2,BNCI2014-001,band_8_30__csp_12,8,30,8-30,12,band_8_30__csp_12,7
0.9930556,8.419693,2304.0,8,0train,22,2,BNCI2014-001,band_8_30__csp_12,8,30,8-30,12,band_8_30__csp_12,8
0.99151236,8.419693,2304.0,8,1test,22,2,BNCI2014-001,band_8_30__csp_12,8,30,8-30,12,band_8_30__csp_12,8
0.8333333,8.674776,2304.0,9,0train,22,2,BNCI2014-001,band_8_30__csp_12,8,30,8-30,12,band_8_30__csp_12,9
0.7935957,8.674776,2304.0,9,1test,22,2,BNCI2014-001,band_8_30__csp_12,8,30,8-30,12,band_8_30__csp_12,9
0.9224537,8.622847,2304.0,1,0train,22,2,BNCI2014-001,band_8_30__csp_14,8,30,8-30,14,band_8_30__csp_14,1
0.955054,8.622847,2304.0,1,1test,22,2,BNCI2014-001,band_8_30__csp_14,8,30,8-30,14,band_8_30__csp_14,1
0.552662,8.547835,2304.0,2,0train,22,2,BNCI2014-001,band_8_30__csp_14,8,30,8-30,14,band_8_30__csp_14,2
0.5474537,8.547835,2304.0,2,1test,22,2,BNCI2014-001,band_8_30__csp_14,8,30,8-30,14,band_8_30__csp_14,2
0.98804015,8.535814,2304.0,3,0train,22,2,BNCI2014-001,band_8_30__csp_14,8,30,8-30,14,band_8_30__csp_14,3
0.98128855,8.535814,2304.0,3,1test,22,2,BNCI2014-001,band_8_30__csp_14,8,30,8-30,14,band_8_30__csp_14,3
0.7663966,8.700484,2304.0,4,0train,22,2,BNCI2014-001,band_8_30__csp_14,8,30,8-30,14,band_8_30__csp_14,4
0.80285496,8.700484,2304.0,4,1test,22,2,BNCI2014-001,band_8_30__csp_14,8,30,8-30,14,band_8_30__csp_14,4
0.47260803,8.762976,2304.0,5,0train,22,2,BNCI2014-001,band_8_30__csp_14,8,30,8-30,14,band_8_30__csp_14,5
0.61670524,8.762976,2304.0,5,1test,22,2,BNCI2014-001,band_8_30__csp_14,8,30,8-30,14,band_8_30__csp_14,5
0.6739969,8.664983,2304.0,6,0train,22,2,BNCI2014-001,band_8_30__csp_14,8,30,8-30,14,band_8_30__csp_14,6
0.56905866,8.664983,2304.0,6,1test,22,2,BNCI2014-001,band_8_30__csp_14,8,30,8-30,14,band_8_30__csp_14,6
0.69135803,8.757719,2304.0,7,0train,22,2,BNCI2014-001,band_8_30__csp_14,8,30,8-30,14,band_8_30__csp_14,7
0.71141976,8.757719,2304.0,7,1test,22,2,BNCI2014-001,band_8_30__csp_14,8,30,8-30,14,band_8_30__csp_14,7
0.99440587,8.728562,2304.0,8,0train,22,2,BNCI2014-001,band_8_30__csp_14,8,30,8-30,14,band_8_30__csp_14,8
0.99266976,8.728562,2304.0,8,1test,22,2,BNCI2014-001,band_8_30__csp_14,8,30,8-30,14,band_8_30__csp_14,8
0.84375,8.787388,2304.0,9,0train,22,2,BNCI2014-001,band_8_30__csp_14,8,30,8-30,14,band_8_30__csp_14,9
0.80478394,8.787388,2304.0,9,1test,22,2,BNCI2014-001,band_8_30__csp_14,8,30,8-30,14,band_8_30__csp_14,9
0.5592207,8.526138,2304.0,1,0train,22,2,BNCI2014-001,band_8_32__csp_4,8,32,8-32,4,band_8_32__csp_4,1
0.6853781,8.526138,2304.0,1,1test,22,2,BNCI2014-001,band_8_32__csp_4,8,32,8-32,4,band_8_32__csp_4,1
0.5787037,8.399317,2304.0,2,0train,22,2,BNCI2014-001,band_8_32__csp_4,8,32,8-32,4,band_8_32__csp_4,2
0.5484182,8.399317,2304.0,2,1test,22,2,BNCI2014-001,band_8_32__csp_4,8,32,8-32,4,band_8_32__csp_4,2
0.81751543,8.549618,2304.0,3,0train,22,2,BNCI2014-001,band_8_32__csp_4,8,32,8-32,4,band_8_32__csp_4,3
0.79996145,8.549618,2304.0,3,1test,22,2,BNCI2014-001,band_8_32__csp_4,8,32,8-32,4,band_8_32__csp_4,3
0.7498071,8.550908,2304.0,4,0train,22,2,BNCI2014-001,band_8_32__csp_4,8,32,8-32,4,band_8_32__csp_4,4
0.80169755,8.550908,2304.0,4,1test,22,2,BNCI2014-001,band_8_32__csp_4,8,32,8-32,4,band_8_32__csp_4,4
0.5003858,8.448076,2304.0,5,0train,22,2,BNCI2014-001,band_8_32__csp_4,8,32,8-32,4,band_8_32__csp_4,5
0.61670524,8.448076,2304.0,5,1test,22,2,BNCI2014-001,band_8_32__csp_4,8,32,8-32,4,band_8_32__csp_4,5
0.6882716,8.442616,2304.0,6,0train,22,2,BNCI2014-001,band_8_32__csp_4,8,32,8-32,4,band_8_32__csp_4,6
0.61304015,8.442616,2304.0,6,1test,22,2,BNCI2014-001,band_8_32__csp_4,8,32,8-32,4,band_8_32__csp_4,6
0.7418981,8.548348,2304.0,7,0train,22,2,BNCI2014-001,band_8_32__csp_4,8,32,8-32,4,band_8_32__csp_4,7
0.77527004,8.548348,2304.0,7,1test,22,2,BNCI2014-001,band_8_32__csp_4,8,32,8-32,4,band_8_32__csp_4,7
0.98746145,8.514314,2304.0,8,0train,22,2,BNCI2014-001,band_8_32__csp_4,8,32,8-32,4,band_8_32__csp_4,8
0.98746145,8.514314,2304.0,8,1test,22,2,BNCI2014-001,band_8_32__csp_4,8,32,8-32,4,band_8_32__csp_4,8
0.8043981,8.564419,2304.0,9,0train,22,2,BNCI2014-001,band_8_32__csp_4,8,32,8-32,4,band_8_32__csp_4,9
0.72993827,8.564419,2304.0,9,1test,22,2,BNCI2014-001,band_8_32__csp_4,8,32,8-32,4,band_8_32__csp_4,9
0.91184413,8.664433,2304.0,1,0train,22,2,BNCI2014-001,band_8_32__csp_6,8,32,8-32,6,band_8_32__csp_6,1
0.9421296,8.664433,2304.0,1,1test,22,2,BNCI2014-001,band_8_32__csp_6,8,32,8-32,6,band_8_32__csp_6,1
0.57079476,8.594548,2304.0,2,0train,22,2,BNCI2014-001,band_8_32__csp_6,8,32,8-32,6,band_8_32__csp_6,2
0.5671296,8.594548,2304.0,2,1test,22,2,BNCI2014-001,band_8_32__csp_6,8,32,8-32,6,band_8_32__csp_6,2
0.9853395,8.655688,2304.0,3,0train,22,2,BNCI2014-001,band_8_32__csp_6,8,32,8-32,6,band_8_32__csp_6,3
0.97704476,8.655688,2304.0,3,1test,22,2,BNCI2014-001,band_8_32__csp_6,8,32,8-32,6,band_8_32__csp_6,3
0.74517745,8.587616,2304.0,4,0train,22,2,BNCI2014-001,band_8_32__csp_6,8,32,8-32,6,band_8_32__csp_6,4
0.7955247,8.587616,2304.0,4,1test,22,2,BNCI2014-001,band_8_32__csp_6,8,32,8-32,6,band_8_32__csp_6,4
0.4971065,8.689276,2304.0,5,0train,22,2,BNCI2014-001,band_8_32__csp_6,8,32,8-32,6,band_8_32__csp_6,5
0.6221065,8.689276,2304.0,5,1test,22,2,BNCI2014-001,band_8_32__csp_6,8,32,8-32,6,band_8_32__csp_6,5
0.6915509,8.615929,2304.0,6,0train,22,2,BNCI2014-001,band_8_32__csp_6,8,32,8-32,6,band_8_32__csp_6,6
0.6377315,8.615929,2304.0,6,1test,22,2,BNCI2014-001,band_8_32__csp_6,8,32,8-32,6,band_8_32__csp_6,6
0.6770833,8.634136,2304.0,7,0train,22,2,BNCI2014-001,band_8_32__csp_6,8,32,8-32,6,band_8_32__csp_6,7
0.71257716,8.634136,2304.0,7,1test,22,2,BNCI2014-001,band_8_32__csp_6,8,32,8-32,6,band_8_32__csp_6,7
0.98804015,8.577193,2304.0,8,0train,22,2,BNCI2014-001,band_8_32__csp_6,8,32,8-32,6,band_8_32__csp_6,8
0.9828318,8.577193,2304.0,8,1test,22,2,BNCI2014-001,band_8_32__csp_6,8,32,8-32,6,band_8_32__csp_6,8
0.80574846,8.468971,2304.0,9,0train,22,2,BNCI2014-001,band_8_32__csp_6,8,32,8-32,6,band_8_32__csp_6,9
0.74112654,8.468971,2304.0,9,1test,22,2,BNCI2014-001,band_8_32__csp_6,8,32,8-32,6,band_8_32__csp_6,9
0.90933645,8.5931835,2304.0,1,0train,22,2,BNCI2014-001,band_8_32__csp_8,8,32,8-32,8,band_8_32__csp_8,1
0.94309413,8.5931835,2304.0,1,1test,22,2,BNCI2014-001,band_8_32__csp_8,8,32,8-32,8,band_8_32__csp_8,1
0.5665509,8.598011,2304.0,2,0train,22,2,BNCI2014-001,band_8_32__csp_8,8,32,8-32,8,band_8_32__csp_8,2
0.5611497,8.598011,2304.0,2,1test,22,2,BNCI2014-001,band_8_32__csp_8,8,32,8-32,8,band_8_32__csp_8,2
0.9853395,8.609769,2304.0,3,0train,22,2,BNCI2014-001,band_8_32__csp_8,8,32,8-32,8,band_8_32__csp_8,3
0.9780093,8.609769,2304.0,3,1test,22,2,BNCI2014-001,band_8_32__csp_8,8,32,8-32,8,band_8_32__csp_8,3
0.7501929,8.60269,2304.0,4,0train,22,2,BNCI2014-001,band_8_32__csp_8,8,32,8-32,8,band_8_32__csp_8,4
0.80690587,8.60269,2304.0,4,1test,22,2,BNCI2014-001,band_8_32__csp_8,8,32,8-32,8,band_8_32__csp_8,4
0.50385803,8.6981125,2304.0,5,0train,22,2,BNCI2014-001,band_8_32__csp_8,8,32,8-32,8,band_8_32__csp_8,5
0.62114197,8.6981125,2304.0,5,1test,22,2,BNCI2014-001,band_8_32__csp_8,8,32,8-32,8,band_8_32__csp_8,5
0.6849923,8.617191,2304.0,6,0train,22,2,BNCI2014-001,band_8_32__csp_8,8,32,8-32,8,band_8_32__csp_8,6
0.6396605,8.617191,2304.0,6,1test,22,2,BNCI2014-001,band_8_32__csp_8,8,32,8-32,8,band_8_32__csp_8,6
0.69521606,8.561689,2304.0,7,0train,22,2,BNCI2014-001,band_8_32__csp_8,8,32,8-32,8,band_8_32__csp_8,7
0.70794755,8.561689,2304.0,7,1test,22,2,BNCI2014-001,band_8_32__csp_8,8,32,8-32,8,band_8_32__csp_8,7
0.990162,8.599598,2304.0,8,0train,22,2,BNCI2014-001,band_8_32__csp_8,8,32,8-32,8,band_8_32__csp_8,8
0.9878472,8.599598,2304.0,8,1test,22,2,BNCI2014-001,band_8_32__csp_8,8,32,8-32,8,band_8_32__csp_8,8
0.8356481,8.625109,2304.0,9,0train,22,2,BNCI2014-001,band_8_32__csp_8,8,32,8-32,8,band_8_32__csp_8,9
0.7893519,8.625109,2304.0,9,1test,22,2,BNCI2014-001,band_8_32__csp_8,8,32,8-32,8,band_8_32__csp_8,9
0.91300154,8.820981,2304.0,1,0train,22,2,BNCI2014-001,band_8_32__csp_10,8,32,8-32,10,band_8_32__csp_10,1
0.9461806,8.820981,2304.0,1,1test,22,2,BNCI2014-001,band_8_32__csp_10,8,32,8-32,10,band_8_32__csp_10,1
0.57098764,8.573852,2304.0,2,0train,22,2,BNCI2014-001,band_8_32__csp_10,8,32,8-32,10,band_8_32__csp_10,2
0.5324074,8.573852,2304.0,2,1test,22,2,BNCI2014-001,band_8_32__csp_10,8,32,8-32,10,band_8_32__csp_10,2
0.9868827,8.621195,2304.0,3,0train,22,2,BNCI2014-001,band_8_32__csp_10,8,32,8-32,10,band_8_32__csp_10,3
0.97781634,8.621195,2304.0,3,1test,22,2,BNCI2014-001,band_8_32__csp_10,8,32,8-32,10,band_8_32__csp_10,3
0.748071,8.723427,2304.0,4,0train,22,2,BNCI2014-001,band_8_32__csp_10,8,32,8-32,10,band_8_32__csp_10,4
0.8055556,8.723427,2304.0,4,1test,22,2,BNCI2014-001,band_8_32__csp_10,8,32,8-32,10,band_8_32__csp_10,4
0.50887346,8.538065,2304.0,5,0train,22,2,BNCI2014-001,band_8_32__csp_10,8,32,8-32,10,band_8_32__csp_10,5
0.6234568,8.538065,2304.0,5,1test,22,2,BNCI2014-001,band_8_32__csp_10,8,32,8-32,10,band_8_32__csp_10,5
0.7123843,8.61955,2304.0,6,0train,22,2,BNCI2014-001,band_8_32__csp_10,8,32,8-32,10,band_8_32__csp_10,6
0.6541281,8.61955,2304.0,6,1test,22,2,BNCI2014-001,band_8_32__csp_10,8,32,8-32,10,band_8_32__csp_10,6
0.69540894,8.819429,2304.0,7,0train,22,2,BNCI2014-001,band_8_32__csp_10,8,32,8-32,10,band_8_32__csp_10,7
0.7038966,8.819429,2304.0,7,1test,22,2,BNCI2014-001,band_8_32__csp_10,8,32,8-32,10,band_8_32__csp_10,7
0.99093366,8.701654,2304.0,8,0train,22,2,BNCI2014-001,band_8_32__csp_10,8,32,8-32,10,band_8_32__csp_10,8
0.9847608,8.701654,2304.0,8,1test,22,2,BNCI2014-001,band_8_32__csp_10,8,32,8-32,10,band_8_32__csp_10,8
0.8333333,8.424088,2304.0,9,0train,22,2,BNCI2014-001,band_8_32__csp_10,8,32,8-32,10,band_8_32__csp_10,9
0.78433645,8.424088,2304.0,9,1test,22,2,BNCI2014-001,band_8_32__csp_10,8,32,8-32,10,band_8_32__csp_10,9
0.9137731,8.75639,2304.0,1,0train,22,2,BNCI2014-001,band_8_32__csp_12,8,32,8-32,12,band_8_32__csp_12,1
0.9444444,8.75639,2304.0,1,1test,22,2,BNCI2014-001,band_8_32__csp_12,8,32,8-32,12,band_8_32__csp_12,1
0.5472608,8.690432,2304.0,2,0train,22,2,BNCI2014-001,band_8_32__csp_12,8,32,8-32,12,band_8_32__csp_12,2
0.5451389,8.690432,2304.0,2,1test,22,2,BNCI2014-001,band_8_32__csp_12,8,32,8-32,12,band_8_32__csp_12,2
0.9857253,8.627278,2304.0,3,0train,22,2,BNCI2014-001,band_8_32__csp_12,8,32,8-32,12,band_8_32__csp_12,3
0.9791667,8.627278,2304.0,3,1test,22,2,BNCI2014-001,band_8_32__csp_12,8,32,8-32,12,band_8_32__csp_12,3
0.7665895,8.771387,2304.0,4,0train,22,2,BNCI2014-001,band_8_32__csp_12,8,32,8-32,12,band_8_32__csp_12,4
0.806713,8.771387,2304.0,4,1test,22,2,BNCI2014-001,band_8_32__csp_12,8,32,8-32,12,band_8_32__csp_12,4
0.48630401,8.580849,2304.0,5,0train,22,2,BNCI2014-001,band_8_32__csp_12,8,32,8-32,12,band_8_32__csp_12,5
0.6236497,8.580849,2304.0,5,1test,22,2,BNCI2014-001,band_8_32__csp_12,8,32,8-32,12,band_8_32__csp_12,5
0.69251543,8.576607,2304.0,6,0train,22,2,BNCI2014-001,band_8_32__csp_12,8,32,8-32,12,band_8_32__csp_12,6
0.6103395,8.576607,2304.0,6,1test,22,2,BNCI2014-001,band_8_32__csp_12,8,32,8-32,12,band_8_32__csp_12,6
0.6956019,8.669111,2304.0,7,0train,22,2,BNCI2014-001,band_8_32__csp_12,8,32,8-32,12,band_8_32__csp_12,7
0.7123843,8.669111,2304.0,7,1test,22,2,BNCI2014-001,band_8_32__csp_12,8,32,8-32,12,band_8_32__csp_12,7
0.99286264,8.633771,2304.0,8,0train,22,2,BNCI2014-001,band_8_32__csp_12,8,32,8-32,12,band_8_32__csp_12,8
0.99151236,8.633771,2304.0,8,1test,22,2,BNCI2014-001,band_8_32__csp_12,8,32,8-32,12,band_8_32__csp_12,8
0.8344907,8.828311,2304.0,9,0train,22,2,BNCI2014-001,band_8_32__csp_12,8,32,8-32,12,band_8_32__csp_12,9
0.7934028,8.828311,2304.0,9,1test,22,2,BNCI2014-001,band_8_32__csp_12,8,32,8-32,12,band_8_32__csp_12,9
0.92631173,8.522688,2304.0,1,0train,22,2,BNCI2014-001,band_8_32__csp_14,8,32,8-32,14,band_8_32__csp_14,1
0.95756173,8.522688,2304.0,1,1test,22,2,BNCI2014-001,band_8_32__csp_14,8,32,8-32,14,band_8_32__csp_14,1
0.546875,8.70351,2304.0,2,0train,22,2,BNCI2014-001,band_8_32__csp_14,8,32,8-32,14,band_8_32__csp_14,2
0.5387731,8.70351,2304.0,2,1test,22,2,BNCI2014-001,band_8_32__csp_14,8,32,8-32,14,band_8_32__csp_14,2
0.9876543,8.571602,2304.0,3,0train,22,2,BNCI2014-001,band_8_32__csp_14,8,32,8-32,14,band_8_32__csp_14,3
0.98128855,8.571602,2304.0,3,1test,22,2,BNCI2014-001,band_8_32__csp_14,8,32,8-32,14,band_8_32__csp_14,3
0.7696759,8.609763,2304.0,4,0train,22,2,BNCI2014-001,band_8_32__csp_14,8,32,8-32,14,band_8_32__csp_14,4
0.80131173,8.609763,2304.0,4,1test,22,2,BNCI2014-001,band_8_32__csp_14,8,32,8-32,14,band_8_32__csp_14,4
0.4849537,8.552923,2304.0,5,0train,22,2,BNCI2014-001,band_8_32__csp_14,8,32,8-32,14,band_8_32__csp_14,5
0.6222994,8.552923,2304.0,5,1test,22,2,BNCI2014-001,band_8_32__csp_14,8,32,8-32,14,band_8_32__csp_14,5
0.6728395,8.574949,2304.0,6,0train,22,2,BNCI2014-001,band_8_32__csp_14,8,32,8-32,14,band_8_32__csp_14,6
0.5584491,8.574949,2304.0,6,1test,22,2,BNCI2014-001,band_8_32__csp_14,8,32,8-32,14,band_8_32__csp_14,6
0.6996528,8.868717,2304.0,7,0train,22,2,BNCI2014-001,band_8_32__csp_14,8,32,8-32,14,band_8_32__csp_14,7
0.7166281,8.868717,2304.0,7,1test,22,2,BNCI2014-001,band_8_32__csp_14,8,32,8-32,14,band_8_32__csp_14,7
0.99402004,8.716075,2304.0,8,0train,22,2,BNCI2014-001,band_8_32__csp_14,8,32,8-32,14,band_8_32__csp_14,8
0.99228394,8.716075,2304.0,8,1test,22,2,BNCI2014-001,band_8_32__csp_14,8,32,8-32,14,band_8_32__csp_14,8
0.8427855,8.765,2304.0,9,0train,22,2,BNCI2014-001,band_8_32__csp_14,8,32,8-32,14,band_8_32__csp_14,9
0.8009259,8.765,2304.0,9,1test,22,2,BNCI2014-001,band_8_32__csp_14,8,32,8-32,14,band_8_32__csp_14,9
0.55941355,8.468461,2304.0,1,0train,22,2,BNCI2014-001,band_8_35__csp_4,8,35,8-35,4,band_8_35__csp_4,1
0.6867284,8.468461,2304.0,1,1test,22,2,BNCI2014-001,band_8_35__csp_4,8,35,8-35,4,band_8_35__csp_4,1
0.5798611,8.726182,2304.0,2,0train,22,2,BNCI2014-001,band_8_35__csp_4,8,35,8-35,4,band_8_35__csp_4,2
0.548804,8.726182,2304.0,2,1test,22,2,BNCI2014-001,band_8_35__csp_4,8,35,8-35,4,band_8_35__csp_4,2
0.8153935,8.640254,2304.0,3,0train,22,2,BNCI2014-001,band_8_35__csp_4,8,35,8-35,4,band_8_35__csp_4,3
0.8009259,8.640254,2304.0,3,1test,22,2,BNCI2014-001,band_8_35__csp_4,8,35,8-35,4,band_8_35__csp_4,3
0.7488426,8.671986,2304.0,4,0train,22,2,BNCI2014-001,band_8_35__csp_4,8,35,8-35,4,band_8_35__csp_4,4
0.80073303,8.671986,2304.0,4,1test,22,2,BNCI2014-001,band_8_35__csp_4,8,35,8-35,4,band_8_35__csp_4,4
0.51138115,8.56363,2304.0,5,0train,22,2,BNCI2014-001,band_8_35__csp_4,8,35,8-35,4,band_8_35__csp_4,5
0.62017745,8.56363,2304.0,5,1test,22,2,BNCI2014-001,band_8_35__csp_4,8,35,8-35,4,band_8_35__csp_4,5
0.689429,8.63485,2304.0,6,0train,22,2,BNCI2014-001,band_8_35__csp_4,8,35,8-35,4,band_8_35__csp_4,6
0.6120756,8.63485,2304.0,6,1test,22,2,BNCI2014-001,band_8_35__csp_4,8,35,8-35,4,band_8_35__csp_4,6
0.74170524,8.484525,2304.0,7,0train,22,2,BNCI2014-001,band_8_35__csp_4,8,35,8-35,4,band_8_35__csp_4,7
0.771412,8.484525,2304.0,7,1test,22,2,BNCI2014-001,band_8_35__csp_4,8,35,8-35,4,band_8_35__csp_4,7
0.98746145,8.656767,2304.0,8,0train,22,2,BNCI2014-001,band_8_35__csp_4,8,35,8-35,4,band_8_35__csp_4,8
0.9870756,8.656767,2304.0,8,1test,22,2,BNCI2014-001,band_8_35__csp_4,8,35,8-35,4,band_8_35__csp_4,8
0.80362654,8.558876,2304.0,9,0train,22,2,BNCI2014-001,band_8_35__csp_4,8,35,8-35,4,band_8_35__csp_4,9
0.72935957,8.558876,2304.0,9,1test,22,2,BNCI2014-001,band_8_35__csp_4,8,35,8-35,4,band_8_35__csp_4,9
0.91396606,8.580761,2304.0,1,0train,22,2,BNCI2014-001,band_8_35__csp_6,8,35,8-35,6,band_8_35__csp_6,1
0.94367284,8.580761,2304.0,1,1test,22,2,BNCI2014-001,band_8_35__csp_6,8,35,8-35,6,band_8_35__csp_6,1
0.57156634,8.587913,2304.0,2,0train,22,2,BNCI2014-001,band_8_35__csp_6,8,35,8-35,6,band_8_35__csp_6,2
0.56867284,8.587913,2304.0,2,1test,22,2,BNCI2014-001,band_8_35__csp_6,8,35,8-35,6,band_8_35__csp_6,2
0.9851466,8.534682,2304.0,3,0train,22,2,BNCI2014-001,band_8_35__csp_6,8,35,8-35,6,band_8_35__csp_6,3
0.97646606,8.534682,2304.0,3,1test,22,2,BNCI2014-001,band_8_35__csp_6,8,35,8-35,6,band_8_35__csp_6,3
0.74459875,8.470527,2304.0,4,0train,22,2,BNCI2014-001,band_8_35__csp_6,8,35,8-35,6,band_8_35__csp_6,4
0.7951389,8.470527,2304.0,4,1test,22,2,BNCI2014-001,band_8_35__csp_6,8,35,8-35,6,band_8_35__csp_6,4
0.50617284,8.567986,2304.0,5,0train,22,2,BNCI2014-001,band_8_35__csp_6,8,35,8-35,6,band_8_35__csp_6,5
0.6273148,8.567986,2304.0,5,1test,22,2,BNCI2014-001,band_8_35__csp_6,8,35,8-35,6,band_8_35__csp_6,5
0.6927083,8.599461,2304.0,6,0train,22,2,BNCI2014-001,band_8_35__csp_6,8,35,8-35,6,band_8_35__csp_6,6
0.6383102,8.599461,2304.0,6,1test,22,2,BNCI2014-001,band_8_35__csp_6,8,35,8-35,6,band_8_35__csp_6,6
0.6736111,8.745388,2304.0,7,0train,22,2,BNCI2014-001,band_8_35__csp_6,8,35,8-35,6,band_8_35__csp_6,7
0.71084106,8.745388,2304.0,7,1test,22,2,BNCI2014-001,band_8_35__csp_6,8,35,8-35,6,band_8_35__csp_6,7
0.98804015,8.466282,2304.0,8,0train,22,2,BNCI2014-001,band_8_35__csp_6,8,35,8-35,6,band_8_35__csp_6,8
0.9820602,8.466282,2304.0,8,1test,22,2,BNCI2014-001,band_8_35__csp_6,8,35,8-35,6,band_8_35__csp_6,8
0.80574846,8.57598,2304.0,9,0train,22,2,BNCI2014-001,band_8_35__csp_6,8,35,8-35,6,band_8_35__csp_6,9
0.73977625,8.57598,2304.0,9,1test,22,2,BNCI2014-001,band_8_35__csp_6,8,35,8-35,6,band_8_35__csp_6,9
0.91165125,8.601795,2304.0,1,0train,22,2,BNCI2014-001,band_8_35__csp_8,8,35,8-35,8,band_8_35__csp_8,1
0.9438657,8.601795,2304.0,1,1test,22,2,BNCI2014-001,band_8_35__csp_8,8,35,8-35,8,band_8_35__csp_8,1
0.56732255,8.567713,2304.0,2,0train,22,2,BNCI2014-001,band_8_35__csp_8,8,35,8-35,8,band_8_35__csp_8,2
0.5632716,8.567713,2304.0,2,1test,22,2,BNCI2014-001,band_8_35__csp_8,8,35,8-35,8,band_8_35__csp_8,2
0.9853395,8.631401,2304.0,3,0train,22,2,BNCI2014-001,band_8_35__csp_8,8,35,8-35,8,band_8_35__csp_8,3
0.97781634,8.631401,2304.0,3,1test,22,2,BNCI2014-001,band_8_35__csp_8,8,35,8-35,8,band_8_35__csp_8,3
0.7511574,8.686778,2304.0,4,0train,22,2,BNCI2014-001,band_8_35__csp_8,8,35,8-35,8,band_8_35__csp_8,4
0.80632716,8.686778,2304.0,4,1test,22,2,BNCI2014-001,band_8_35__csp_8,8,35,8-35,8,band_8_35__csp_8,4
0.5177469,8.554592,2304.0,5,0train,22,2,BNCI2014-001,band_8_35__csp_8,8,35,8-35,8,band_8_35__csp_8,5
0.6259645,8.554592,2304.0,5,1test,22,2,BNCI2014-001,band_8_35__csp_8,8,35,8-35,8,band_8_35__csp_8,5
0.6865355,8.553373,2304.0,6,0train,22,2,BNCI2014-001,band_8_35__csp_8,8,35,8-35,8,band_8_35__csp_8,6
0.6379244,8.553373,2304.0,6,1test,22,2,BNCI2014-001,band_8_35__csp_8,8,35,8-35,8,band_8_35__csp_8,6
0.69232255,8.675887,2304.0,7,0train,22,2,BNCI2014-001,band_8_35__csp_8,8,35,8-35,8,band_8_35__csp_8,7
0.705054,8.675887,2304.0,7,1test,22,2,BNCI2014-001,band_8_35__csp_8,8,35,8-35,8,band_8_35__csp_8,7
0.990162,8.712967,2304.0,8,0train,22,2,BNCI2014-001,band_8_35__csp_8,8,35,8-35,8,band_8_35__csp_8,8
0.9878472,8.712967,2304.0,8,1test,22,2,BNCI2014-001,band_8_35__csp_8,8,35,8-35,8,band_8_35__csp_8,8
0.83526236,8.614328,2304.0,9,0train,22,2,BNCI2014-001,band_8_35__csp_8,8,35,8-35,8,band_8_35__csp_8,9
0.78780866,8.614328,2304.0,9,1test,22,2,BNCI2014-001,band_8_35__csp_8,8,35,8-35,8,band_8_35__csp_8,9
0.9149306,8.634642,2304.0,1,0train,22,2,BNCI2014-001,band_8_35__csp_10,8,35,8-35,10,band_8_35__csp_10,1
0.94810957,8.634642,2304.0,1,1test,22,2,BNCI2014-001,band_8_35__csp_10,8,35,8-35,10,band_8_35__csp_10,1
0.5729167,8.452856,2304.0,2,0train,22,2,BNCI2014-001,band_8_35__csp_10,8,35,8-35,10,band_8_35__csp_10,2
0.53491515,8.452856,2304.0,2,1test,22,2,BNCI2014-001,band_8_35__csp_10,8,35,8-35,10,band_8_35__csp_10,2
0.986304,8.576507,2304.0,3,0train,22,2,BNCI2014-001,band_8_35__csp_10,8,35,8-35,10,band_8_35__csp_10,3
0.97820216,8.576507,2304.0,3,1test,22,2,BNCI2014-001,band_8_35__csp_10,8,35,8-35,10,band_8_35__csp_10,3
0.7482639,8.669283,2304.0,4,0train,22,2,BNCI2014-001,band_8_35__csp_10,8,35,8-35,10,band_8_35__csp_10,4
0.80401236,8.669283,2304.0,4,1test,22,2,BNCI2014-001,band_8_35__csp_10,8,35,8-35,10,band_8_35__csp_10,4
0.52006173,8.555489,2304.0,5,0train,22,2,BNCI2014-001,band_8_35__csp_10,8,35,8-35,10,band_8_35__csp_10,5
0.6273148,8.555489,2304.0,5,1test,22,2,BNCI2014-001,band_8_35__csp_10,8,35,8-35,10,band_8_35__csp_10,5
0.7152778,8.506935,2304.0,6,0train,22,2,BNCI2014-001,band_8_35__csp_10,8,35,8-35,10,band_8_35__csp_10,6
0.6577932,8.506935,2304.0,6,1test,22,2,BNCI2014-001,band_8_35__csp_10,8,35,8-35,10,band_8_35__csp_10,6
0.6898148,8.616571,2304.0,7,0train,22,2,BNCI2014-001,band_8_35__csp_10,8,35,8-35,10,band_8_35__csp_10,7
0.7017747,8.616571,2304.0,7,1test,22,2,BNCI2014-001,band_8_35__csp_10,8,35,8-35,10,band_8_35__csp_10,7
0.9913194,8.59981,2304.0,8,0train,22,2,BNCI2014-001,band_8_35__csp_10,8,35,8-35,10,band_8_35__csp_10,8
0.9849537,8.59981,2304.0,8,1test,22,2,BNCI2014-001,band_8_35__csp_10,8,35,8-35,10,band_8_35__csp_10,8
0.8333333,8.632248,2304.0,9,0train,22,2,BNCI2014-001,band_8_35__csp_10,8,35,8-35,10,band_8_35__csp_10,9
0.7835648,8.632248,2304.0,9,1test,22,2,BNCI2014-001,band_8_35__csp_10,8,35,8-35,10,band_8_35__csp_10,9
0.91647375,8.630218,2304.0,1,0train,22,2,BNCI2014-001,band_8_35__csp_12,8,35,8-35,12,band_8_35__csp_12,1
0.94425154,8.630218,2304.0,1,1test,22,2,BNCI2014-001,band_8_35__csp_12,8,35,8-35,12,band_8_35__csp_12,1
0.55073303,8.704112,2304.0,2,0train,22,2,BNCI2014-001,band_8_35__csp_12,8,35,8-35,12,band_8_35__csp_12,2
0.54205245,8.704112,2304.0,2,1test,22,2,BNCI2014-001,band_8_35__csp_12,8,35,8-35,12,band_8_35__csp_12,2
0.9851466,8.519484,2304.0,3,0train,22,2,BNCI2014-001,band_8_35__csp_12,8,35,8-35,12,band_8_35__csp_12,3
0.97878087,8.519484,2304.0,3,1test,22,2,BNCI2014-001,band_8_35__csp_12,8,35,8-35,12,band_8_35__csp_12,3
0.77353394,8.664486,2304.0,4,0train,22,2,BNCI2014-001,band_8_35__csp_12,8,35,8-35,12,band_8_35__csp_12,4
0.8101852,8.664486,2304.0,4,1test,22,2,BNCI2014-001,band_8_35__csp_12,8,35,8-35,12,band_8_35__csp_12,4
0.5081019,8.619233,2304.0,5,0train,22,2,BNCI2014-001,band_8_35__csp_12,8,35,8-35,12,band_8_35__csp_12,5
0.63387346,8.619233,2304.0,5,1test,22,2,BNCI2014-001,band_8_35__csp_12,8,35,8-35,12,band_8_35__csp_12,5
0.7006173,8.670213,2304.0,6,0train,22,2,BNCI2014-001,band_8_35__csp_12,8,35,8-35,12,band_8_35__csp_12,6
0.6253858,8.670213,2304.0,6,1test,22,2,BNCI2014-001,band_8_35__csp_12,8,35,8-35,12,band_8_35__csp_12,6
0.6907793,8.6612,2304.0,7,0train,22,2,BNCI2014-001,band_8_35__csp_12,8,35,8-35,12,band_8_35__csp_12,7
0.70756173,8.6612,2304.0,7,1test,22,2,BNCI2014-001,band_8_35__csp_12,8,35,8-35,12,band_8_35__csp_12,7
0.99266976,8.695065,2304.0,8,0train,22,2,BNCI2014-001,band_8_35__csp_12,8,35,8-35,12,band_8_35__csp_12,8
0.99112654,8.695065,2304.0,8,1test,22,2,BNCI2014-001,band_8_35__csp_12,8,35,8-35,12,band_8_35__csp_12,8
0.83545524,8.680147,2304.0,9,0train,22,2,BNCI2014-001,band_8_35__csp_12,8,35,8-35,12,band_8_35__csp_12,9
0.7916667,8.680147,2304.0,9,1test,22,2,BNCI2014-001,band_8_35__csp_12,8,35,8-35,12,band_8_35__csp_12,9
0.92920524,8.572382,2304.0,1,0train,22,2,BNCI2014-001,band_8_35__csp_14,8,35,8-35,14,band_8_35__csp_14,1
0.9577546,8.572382,2304.0,1,1test,22,2,BNCI2014-001,band_8_35__csp_14,8,35,8-35,14,band_8_35__csp_14,1
0.5489969,8.542602,2304.0,2,0train,22,2,BNCI2014-001,band_8_35__csp_14,8,35,8-35,14,band_8_35__csp_14,2
0.53626543,8.542602,2304.0,2,1test,22,2,BNCI2014-001,band_8_35__csp_14,8,35,8-35,14,band_8_35__csp_14,2
0.98746145,8.486534,2304.0,3,0train,22,2,BNCI2014-001,band_8_35__csp_14,8,35,8-35,14,band_8_35__csp_14,3
0.9810957,8.486534,2304.0,3,1test,22,2,BNCI2014-001,band_8_35__csp_14,8,35,8-35,14,band_8_35__csp_14,3
0.7725694,8.70601,2304.0,4,0train,22,2,BNCI2014-001,band_8_35__csp_14,8,35,8-35,14,band_8_35__csp_14,4
0.8038194,8.70601,2304.0,4,1test,22,2,BNCI2014-001,band_8_35__csp_14,8,35,8-35,14,band_8_35__csp_14,4
0.49614197,8.599272,2304.0,5,0train,22,2,BNCI2014-001,band_8_35__csp_14,8,35,8-35,14,band_8_35__csp_14,5
0.6275077,8.599272,2304.0,5,1test,22,2,BNCI2014-001,band_8_35__csp_14,8,35,8-35,14,band_8_35__csp_14,5
0.67804784,8.556507,2304.0,6,0train,22,2,BNCI2014-001,band_8_35__csp_14,8,35,8-35,14,band_8_35__csp_14,6
0.5650077,8.556507,2304.0,6,1test,22,2,BNCI2014-001,band_8_35__csp_14,8,35,8-35,14,band_8_35__csp_14,6
0.7015818,8.592728,2304.0,7,0train,22,2,BNCI2014-001,band_8_35__csp_14,8,35,8-35,14,band_8_35__csp_14,7
0.72415125,8.592728,2304.0,7,1test,22,2,BNCI2014-001,band_8_35__csp_14,8,35,8-35,14,band_8_35__csp_14,7
0.9936343,8.579282,2304.0,8,0train,22,2,BNCI2014-001,band_8_35__csp_14,8,35,8-35,14,band_8_35__csp_14,8
0.99151236,8.579282,2304.0,8,1test,22,2,BNCI2014-001,band_8_35__csp_14,8,35,8-35,14,band_8_35__csp_14,8
0.8445216,8.579796,2304.0,9,0train,22,2,BNCI2014-001,band_8_35__csp_14,8,35,8-35,14,band_8_35__csp_14,9
0.80073303,8.579796,2304.0,9,1test,22,2,BNCI2014-001,band_8_35__csp_14,8,35,8-35,14,band_8_35__csp_14,9
0.5729167,8.614257,2304.0,1,0train,22,2,BNCI2014-001,band_10_30__csp_4,10,30,10-30,4,band_10_30__csp_4,1
0.7297454,8.614257,2304.0,1,1test,22,2,BNCI2014-001,band_10_30__csp_4,10,30,10-30,4,band_10_30__csp_4,1
0.5625,8.551088,2304.0,2,0train,22,2,BNCI2014-001,band_10_30__csp_4,10,30,10-30,4,band_10_30__csp_4,2
0.53896606,8.551088,2304.0,2,1test,22,2,BNCI2014-001,band_10_30__csp_4,10,30,10-30,4,band_10_30__csp_4,2
0.9693287,8.581191,2304.0,3,0train,22,2,BNCI2014-001,band_10_30__csp_4,10,30,10-30,4,band_10_30__csp_4,3
0.9353781,8.581191,2304.0,3,1test,22,2,BNCI2014-001,band_10_30__csp_4,10,30,10-30,4,band_10_30__csp_4,3
0.7523148,8.592768,2304.0,4,0train,22,2,BNCI2014-001,band_10_30__csp_4,10,30,10-30,4,band_10_30__csp_4,4
0.77064043,8.592768,2304.0,4,1test,22,2,BNCI2014-001,band_10_30__csp_4,10,30,10-30,4,band_10_30__csp_4,4
0.5032793,8.584456,2304.0,5,0train,22,2,BNCI2014-001,band_10_30__csp_4,10,30,10-30,4,band_10_30__csp_4,5
0.6342593,8.584456,2304.0,5,1test,22,2,BNCI2014-001,band_10_30__csp_4,10,30,10-30,4,band_10_30__csp_4,5
0.71315587,8.613264,2304.0,6,0train,22,2,BNCI2014-001,band_10_30__csp_4,10,30,10-30,4,band_10_30__csp_4,6
0.5931713,8.613264,2304.0,6,1test,22,2,BNCI2014-001,band_10_30__csp_4,10,30,10-30,4,band_10_30__csp_4,6
0.6712963,8.572027,2304.0,7,0train,22,2,BNCI2014-001,band_10_30__csp_4,10,30,10-30,4,band_10_30__csp_4,7
0.7170139,8.572027,2304.0,7,1test,22,2,BNCI2014-001,band_10_30__csp_4,10,30,10-30,4,band_10_30__csp_4,7
0.9635417,8.691155,2304.0,8,0train,22,2,BNCI2014-001,band_10_30__csp_4,10,30,10-30,4,band_10_30__csp_4,8
0.9722222,8.691155,2304.0,8,1test,22,2,BNCI2014-001,band_10_30__csp_4,10,30,10-30,4,band_10_30__csp_4,8
0.7980324,8.540532,2304.0,9,0train,22,2,BNCI2014-001,band_10_30__csp_4,10,30,10-30,4,band_10_30__csp_4,9
0.6732253,8.540532,2304.0,9,1test,22,2,BNCI2014-001,band_10_30__csp_4,10,30,10-30,4,band_10_30__csp_4,9
0.9207176,8.662309,2304.0,1,0train,22,2,BNCI2014-001,band_10_30__csp_6,10,30,10-30,6,band_10_30__csp_6,1
0.9384645,8.662309,2304.0,1,1test,22,2,BNCI2014-001,band_10_30__csp_6,10,30,10-30,6,band_10_30__csp_6,1
0.53665125,8.546563,2304.0,2,0train,22,2,BNCI2014-001,band_10_30__csp_6,10,30,10-30,6,band_10_30__csp_6,2
0.50443673,8.546563,2304.0,2,1test,22,2,BNCI2014-001,band_10_30__csp_6,10,30,10-30,6,band_10_30__csp_6,2
0.9712577,8.637333,2304.0,3,0train,22,2,BNCI2014-001,band_10_30__csp_6,10,30,10-30,6,band_10_30__csp_6,3
0.9359568,8.637333,2304.0,3,1test,22,2,BNCI2014-001,band_10_30__csp_6,10,30,10-30,6,band_10_30__csp_6,3
0.75597996,8.535503,2304.0,4,0train,22,2,BNCI2014-001,band_10_30__csp_6,10,30,10-30,6,band_10_30__csp_6,4
0.7719907,8.535503,2304.0,4,1test,22,2,BNCI2014-001,band_10_30__csp_6,10,30,10-30,6,band_10_30__csp_6,4
0.5075231,8.575743,2304.0,5,0train,22,2,BNCI2014-001,band_10_30__csp_6,10,30,10-30,6,band_10_30__csp_6,5
0.6313657,8.575743,2304.0,5,1test,22,2,BNCI2014-001,band_10_30__csp_6,10,30,10-30,6,band_10_30__csp_6,5
0.7191358,8.497899,2304.0,6,0train,22,2,BNCI2014-001,band_10_30__csp_6,10,30,10-30,6,band_10_30__csp_6,6
0.5964506,8.497899,2304.0,6,1test,22,2,BNCI2014-001,band_10_30__csp_6,10,30,10-30,6,band_10_30__csp_6,6
0.6695602,8.408749,2304.0,7,0train,22,2,BNCI2014-001,band_10_30__csp_6,10,30,10-30,6,band_10_30__csp_6,7
0.69926697,8.408749,2304.0,7,1test,22,2,BNCI2014-001,band_10_30__csp_6,10,30,10-30,6,band_10_30__csp_6,7
0.97260803,8.42246,2304.0,8,0train,22,2,BNCI2014-001,band_10_30__csp_6,10,30,10-30,6,band_10_30__csp_6,8
0.9822531,8.42246,2304.0,8,1test,22,2,BNCI2014-001,band_10_30__csp_6,10,30,10-30,6,band_10_30__csp_6,8
0.7864583,8.5325775,2304.0,9,0train,22,2,BNCI2014-001,band_10_30__csp_6,10,30,10-30,6,band_10_30__csp_6,9
0.6597222,8.5325775,2304.0,9,1test,22,2,BNCI2014-001,band_10_30__csp_6,10,30,10-30,6,band_10_30__csp_6,9
0.9222608,8.492183,2304.0,1,0train,22,2,BNCI2014-001,band_10_30__csp_8,10,30,10-30,8,band_10_30__csp_8,1
0.9396219,8.492183,2304.0,1,1test,22,2,BNCI2014-001,band_10_30__csp_8,10,30,10-30,8,band_10_30__csp_8,1
0.53780866,8.671321,2304.0,2,0train,22,2,BNCI2014-001,band_10_30__csp_8,10,30,10-30,8,band_10_30__csp_8,2
0.5003858,8.671321,2304.0,2,1test,22,2,BNCI2014-001,band_10_30__csp_8,10,30,10-30,8,band_10_30__csp_8,2
0.97472996,8.753354,2304.0,3,0train,22,2,BNCI2014-001,band_10_30__csp_8,10,30,10-30,8,band_10_30__csp_8,3
0.9392361,8.753354,2304.0,3,1test,22,2,BNCI2014-001,band_10_30__csp_8,10,30,10-30,8,band_10_30__csp_8,3
0.7916667,8.734705,2304.0,4,0train,22,2,BNCI2014-001,band_10_30__csp_8,10,30,10-30,8,band_10_30__csp_8,4
0.82503855,8.734705,2304.0,4,1test,22,2,BNCI2014-001,band_10_30__csp_8,10,30,10-30,8,band_10_30__csp_8,4
0.509838,8.617956,2304.0,5,0train,22,2,BNCI2014-001,band_10_30__csp_8,10,30,10-30,8,band_10_30__csp_8,5
0.62982255,8.617956,2304.0,5,1test,22,2,BNCI2014-001,band_10_30__csp_8,10,30,10-30,8,band_10_30__csp_8,5
0.72472996,8.581615,2304.0,6,0train,22,2,BNCI2014-001,band_10_30__csp_8,10,30,10-30,8,band_10_30__csp_8,6
0.61728394,8.581615,2304.0,6,1test,22,2,BNCI2014-001,band_10_30__csp_8,10,30,10-30,8,band_10_30__csp_8,6
0.69174385,8.591127,2304.0,7,0train,22,2,BNCI2014-001,band_10_30__csp_8,10,30,10-30,8,band_10_30__csp_8,7
0.7058256,8.591127,2304.0,7,1test,22,2,BNCI2014-001,band_10_30__csp_8,10,30,10-30,8,band_10_30__csp_8,7
0.96489197,8.566087,2304.0,8,0train,22,2,BNCI2014-001,band_10_30__csp_8,10,30,10-30,8,band_10_30__csp_8,8
0.9855324,8.566087,2304.0,8,1test,22,2,BNCI2014-001,band_10_30__csp_8,10,30,10-30,8,band_10_30__csp_8,8
0.791088,8.685389,2304.0,9,0train,22,2,BNCI2014-001,band_10_30__csp_8,10,30,10-30,8,band_10_30__csp_8,9
0.66743827,8.685389,2304.0,9,1test,22,2,BNCI2014-001,band_10_30__csp_8,10,30,10-30,8,band_10_30__csp_8,9
0.9243827,8.629668,2304.0,1,0train,22,2,BNCI2014-001,band_10_30__csp_10,10,30,10-30,10,band_10_30__csp_10,1
0.92978394,8.629668,2304.0,1,1test,22,2,BNCI2014-001,band_10_30__csp_10,10,30,10-30,10,band_10_30__csp_10,1
0.5445602,8.687024,2304.0,2,0train,22,2,BNCI2014-001,band_10_30__csp_10,10,30,10-30,10,band_10_30__csp_10,2
0.49189815,8.687024,2304.0,2,1test,22,2,BNCI2014-001,band_10_30__csp_10,10,30,10-30,10,band_10_30__csp_10,2
0.97318673,8.778309,2304.0,3,0train,22,2,BNCI2014-001,band_10_30__csp_10,10,30,10-30,10,band_10_30__csp_10,3
0.9407793,8.778309,2304.0,3,1test,22,2,BNCI2014-001,band_10_30__csp_10,10,30,10-30,10,band_10_30__csp_10,3
0.78665125,8.614186,2304.0,4,0train,22,2,BNCI2014-001,band_10_30__csp_10,10,30,10-30,10,band_10_30__csp_10,4
0.82310957,8.614186,2304.0,4,1test,22,2,BNCI2014-001,band_10_30__csp_10,10,30,10-30,10,band_10_30__csp_10,4
0.5063657,8.814708,2304.0,5,0train,22,2,BNCI2014-001,band_10_30__csp_10,10,30,10-30,10,band_10_30__csp_10,5
0.6325231,8.814708,2304.0,5,1test,22,2,BNCI2014-001,band_10_30__csp_10,10,30,10-30,10,band_10_30__csp_10,5
0.71026236,8.675952,2304.0,6,0train,22,2,BNCI2014-001,band_10_30__csp_10,10,30,10-30,10,band_10_30__csp_10,6
0.619213,8.675952,2304.0,6,1test,22,2,BNCI2014-001,band_10_30__csp_10,10,30,10-30,10,band_10_30__csp_10,6
0.70852625,8.8575535,2304.0,7,0train,22,2,BNCI2014-001,band_10_30__csp_10,10,30,10-30,10,band_10_30__csp_10,7
0.7077546,8.8575535,2304.0,7,1test,22,2,BNCI2014-001,band_10_30__csp_10,10,30,10-30,10,band_10_30__csp_10,7
0.95871913,8.613575,2304.0,8,0train,22,2,BNCI2014-001,band_10_30__csp_10,10,30,10-30,10,band_10_30__csp_10,8
0.986304,8.613575,2304.0,8,1test,22,2,BNCI2014-001,band_10_30__csp_10,10,30,10-30,10,band_10_30__csp_10,8
0.791088,8.606797,2304.0,9,0train,22,2,BNCI2014-001,band_10_30__csp_10,10,30,10-30,10,band_10_30__csp_10,9
0.68306327,8.606797,2304.0,9,1test,22,2,BNCI2014-001,band_10_30__csp_10,10,30,10-30,10,band_10_30__csp_10,9
0.9259259,8.812502,2304.0,1,0train,22,2,BNCI2014-001,band_10_30__csp_12,10,30,10-30,12,band_10_30__csp_12,1
0.94598764,8.812502,2304.0,1,1test,22,2,BNCI2014-001,band_10_30__csp_12,10,30,10-30,12,band_10_30__csp_12,1
0.5472608,8.748258,2304.0,2,0train,22,2,BNCI2014-001,band_10_30__csp_12,10,30,10-30,12,band_10_30__csp_12,2
0.49556327,8.748258,2304.0,2,1test,22,2,BNCI2014-001,band_10_30__csp_12,10,30,10-30,12,band_10_30__csp_12,2
0.97723764,8.696959,2304.0,3,0train,22,2,BNCI2014-001,band_10_30__csp_12,10,30,10-30,12,band_10_30__csp_12,3
0.9400077,8.696959,2304.0,3,1test,22,2,BNCI2014-001,band_10_30__csp_12,10,30,10-30,12,band_10_30__csp_12,3
0.7822145,8.5805435,2304.0,4,0train,22,2,BNCI2014-001,band_10_30__csp_12,10,30,10-30,12,band_10_30__csp_12,4
0.81732255,8.5805435,2304.0,4,1test,22,2,BNCI2014-001,band_10_30__csp_12,10,30,10-30,12,band_10_30__csp_12,4
0.51138115,8.609262,2304.0,5,0train,22,2,BNCI2014-001,band_10_30__csp_12,10,30,10-30,12,band_10_30__csp_12,5
0.63406634,8.609262,2304.0,5,1test,22,2,BNCI2014-001,band_10_30__csp_12,10,30,10-30,12,band_10_30__csp_12,5
0.69810957,8.632725,2304.0,6,0train,22,2,BNCI2014-001,band_10_30__csp_12,10,30,10-30,12,band_10_30__csp_12,6
0.5935571,8.632725,2304.0,6,1test,22,2,BNCI2014-001,band_10_30__csp_12,10,30,10-30,12,band_10_30__csp_12,6
0.708912,8.768773,2304.0,7,0train,22,2,BNCI2014-001,band_10_30__csp_12,10,30,10-30,12,band_10_30__csp_12,7
0.7048611,8.768773,2304.0,7,1test,22,2,BNCI2014-001,band_10_30__csp_12,10,30,10-30,12,band_10_30__csp_12,7
0.96489197,8.481667,2304.0,8,0train,22,2,BNCI2014-001,band_10_30__csp_12,10,30,10-30,12,band_10_30__csp_12,8
0.9826389,8.481667,2304.0,8,1test,22,2,BNCI2014-001,band_10_30__csp_12,10,30,10-30,12,band_10_30__csp_12,8
0.7943673,8.615993,2304.0,9,0train,22,2,BNCI2014-001,band_10_30__csp_12,10,30,10-30,12,band_10_30__csp_12,9
0.6726466,8.615993,2304.0,9,1test,22,2,BNCI2014-001,band_10_30__csp_12,10,30,10-30,12,band_10_30__csp_12,9
0.916088,8.591625,2304.0,1,0train,22,2,BNCI2014-001,band_10_30__csp_14,10,30,10-30,14,band_10_30__csp_14,1
0.94290125,8.591625,2304.0,1,1test,22,2,BNCI2014-001,band_10_30__csp_14,10,30,10-30,14,band_10_30__csp_14,1
0.5034722,8.566848,2304.0,2,0train,22,2,BNCI2014-001,band_10_30__csp_14,10,30,10-30,14,band_10_30__csp_14,2
0.47627315,8.566848,2304.0,2,1test,22,2,BNCI2014-001,band_10_30__csp_14,10,30,10-30,14,band_10_30__csp_14,2
0.9797454,8.624444,2304.0,3,0train,22,2,BNCI2014-001,band_10_30__csp_14,10,30,10-30,14,band_10_30__csp_14,3
0.9519676,8.624444,2304.0,3,1test,22,2,BNCI2014-001,band_10_30__csp_14,10,30,10-30,14,band_10_30__csp_14,3
0.7858796,8.647476,2304.0,4,0train,22,2,BNCI2014-001,band_10_30__csp_14,10,30,10-30,14,band_10_30__csp_14,4
0.82021606,8.647476,2304.0,4,1test,22,2,BNCI2014-001,band_10_30__csp_14,10,30,10-30,14,band_10_30__csp_14,4
0.50655866,8.638329,2304.0,5,0train,22,2,BNCI2014-001,band_10_30__csp_14,10,30,10-30,14,band_10_30__csp_14,5
0.6267361,8.638329,2304.0,5,1test,22,2,BNCI2014-001,band_10_30__csp_14,10,30,10-30,14,band_10_30__csp_14,5
0.73128855,8.50488,2304.0,6,0train,22,2,BNCI2014-001,band_10_30__csp_14,10,30,10-30,14,band_10_30__csp_14,6
0.55748457,8.50488,2304.0,6,1test,22,2,BNCI2014-001,band_10_30__csp_14,10,30,10-30,14,band_10_30__csp_14,6
0.7201003,8.791916,2304.0,7,0train,22,2,BNCI2014-001,band_10_30__csp_14,10,30,10-30,14,band_10_30__csp_14,7
0.724537,8.791916,2304.0,7,1test,22,2,BNCI2014-001,band_10_30__csp_14,10,30,10-30,14,band_10_30__csp_14,7
0.98128855,8.822102,2304.0,8,0train,22,2,BNCI2014-001,band_10_30__csp_14,10,30,10-30,14,band_10_30__csp_14,8
0.9818673,8.822102,2304.0,8,1test,22,2,BNCI2014-001,band_10_30__csp_14,10,30,10-30,14,band_10_30__csp_14,8
0.7982253,8.64962,2304.0,9,0train,22,2,BNCI2014-001,band_10_30__csp_14,10,30,10-30,14,band_10_30__csp_14,9
0.6707176,8.64962,2304.0,9,1test,22,2,BNCI2014-001,band_10_30__csp_14,10,30,10-30,14,band_10_30__csp_14,9
0.76871145,8.418251,2304.0,1,0train,22,2,BNCI2014-001,band_12_30__csp_4,12,30,12-30,4,band_12_30__csp_4,1
0.71199846,8.418251,2304.0,1,1test,22,2,BNCI2014-001,band_12_30__csp_4,12,30,12-30,4,band_12_30__csp_4,1
0.45871913,8.382305,2304.0,2,0train,22,2,BNCI2014-001,band_12_30__csp_4,12,30,12-30,4,band_12_30__csp_4,2
0.47723764,8.382305,2304.0,2,1test,22,2,BNCI2014-001,band_12_30__csp_4,12,30,12-30,4,band_12_30__csp_4,2
0.81635803,8.452806,2304.0,3,0train,22,2,BNCI2014-001,band_12_30__csp_4,12,30,12-30,4,band_12_30__csp_4,3
0.6873071,8.452806,2304.0,3,1test,22,2,BNCI2014-001,band_12_30__csp_4,12,30,12-30,4,band_12_30__csp_4,3
0.73881173,8.536873,2304.0,4,0train,22,2,BNCI2014-001,band_12_30__csp_4,12,30,12-30,4,band_12_30__csp_4,4
0.7644676,8.536873,2304.0,4,1test,22,2,BNCI2014-001,band_12_30__csp_4,12,30,12-30,4,band_12_30__csp_4,4
0.5302855,8.4982605,2304.0,5,0train,22,2,BNCI2014-001,band_12_30__csp_4,12,30,12-30,4,band_12_30__csp_4,5
0.62133485,8.4982605,2304.0,5,1test,22,2,BNCI2014-001,band_12_30__csp_4,12,30,12-30,4,band_12_30__csp_4,5
0.62808645,8.479541,2304.0,6,0train,22,2,BNCI2014-001,band_12_30__csp_4,12,30,12-30,4,band_12_30__csp_4,6
0.6047454,8.479541,2304.0,6,1test,22,2,BNCI2014-001,band_12_30__csp_4,12,30,12-30,4,band_12_30__csp_4,6
0.6961806,8.7422285,2304.0,7,0train,22,2,BNCI2014-001,band_12_30__csp_4,12,30,12-30,4,band_12_30__csp_4,7
0.74035496,8.7422285,2304.0,7,1test,22,2,BNCI2014-001,band_12_30__csp_4,12,30,12-30,4,band_12_30__csp_4,7
0.95003855,8.596563,2304.0,8,0train,22,2,BNCI2014-001,band_12_30__csp_4,12,30,12-30,4,band_12_30__csp_4,8
0.95814043,8.596563,2304.0,8,1test,22,2,BNCI2014-001,band_12_30__csp_4,12,30,12-30,4,band_12_30__csp_4,8
0.6398534,8.4758215,2304.0,9,0train,22,2,BNCI2014-001,band_12_30__csp_4,12,30,12-30,4,band_12_30__csp_4,9
0.5625,8.4758215,2304.0,9,1test,22,2,BNCI2014-001,band_12_30__csp_4,12,30,12-30,4,band_12_30__csp_4,9
0.9068287,8.69771,2304.0,1,0train,22,2,BNCI2014-001,band_12_30__csp_6,12,30,12-30,6,band_12_30__csp_6,1
0.91878855,8.69771,2304.0,1,1test,22,2,BNCI2014-001,band_12_30__csp_6,12,30,12-30,6,band_12_30__csp_6,1
0.4542824,8.6793375,2304.0,2,0train,22,2,BNCI2014-001,band_12_30__csp_6,12,30,12-30,6,band_12_30__csp_6,2
0.45794752,8.6793375,2304.0,2,1test,22,2,BNCI2014-001,band_12_30__csp_6,12,30,12-30,6,band_12_30__csp_6,2
0.8408565,8.484066,2304.0,3,0train,22,2,BNCI2014-001,band_12_30__csp_6,12,30,12-30,6,band_12_30__csp_6,3
0.7995756,8.484066,2304.0,3,1test,22,2,BNCI2014-001,band_12_30__csp_6,12,30,12-30,6,band_12_30__csp_6,3
0.77064043,8.6407585,2304.0,4,0train,22,2,BNCI2014-001,band_12_30__csp_6,12,30,12-30,6,band_12_30__csp_6,4
0.8206019,8.6407585,2304.0,4,1test,22,2,BNCI2014-001,band_12_30__csp_6,12,30,12-30,6,band_12_30__csp_6,4
0.5746528,8.720143,2304.0,5,0train,22,2,BNCI2014-001,band_12_30__csp_6,12,30,12-30,6,band_12_30__csp_6,5
0.60050154,8.720143,2304.0,5,1test,22,2,BNCI2014-001,band_12_30__csp_6,12,30,12-30,6,band_12_30__csp_6,5
0.7465278,8.708395,2304.0,6,0train,22,2,BNCI2014-001,band_12_30__csp_6,12,30,12-30,6,band_12_30__csp_6,6
0.677662,8.708395,2304.0,6,1test,22,2,BNCI2014-001,band_12_30__csp_6,12,30,12-30,6,band_12_30__csp_6,6
0.7372685,8.640269,2304.0,7,0train,22,2,BNCI2014-001,band_12_30__csp_6,12,30,12-30,6,band_12_30__csp_6,7
0.8294753,8.640269,2304.0,7,1test,22,2,BNCI2014-001,band_12_30__csp_6,12,30,12-30,6,band_12_30__csp_6,7
0.9052855,8.621098,2304.0,8,0train,22,2,BNCI2014-001,band_12_30__csp_6,12,30,12-30,6,band_12_30__csp_6,8
0.92727625,8.621098,2304.0,8,1test,22,2,BNCI2014-001,band_12_30__csp_6,12,30,12-30,6,band_12_30__csp_6,8
0.6689815,8.638707,2304.0,9,0train,22,2,BNCI2014-001,band_12_30__csp_6,12,30,12-30,6,band_12_30__csp_6,9
0.63040125,8.638707,2304.0,9,1test,22,2,BNCI2014-001,band_12_30__csp_6,12,30,12-30,6,band_12_30__csp_6,9
0.90200615,8.728797,2304.0,1,0train,22,2,BNCI2014-001,band_12_30__csp_8,12,30,12-30,8,band_12_30__csp_8,1
0.9072145,8.728797,2304.0,1,1test,22,2,BNCI2014-001,band_12_30__csp_8,12,30,12-30,8,band_12_30__csp_8,1
0.44405866,8.63219,2304.0,2,0train,22,2,BNCI2014-001,band_12_30__csp_8,12,30,12-30,8,band_12_30__csp_8,2
0.4693287,8.63219,2304.0,2,1test,22,2,BNCI2014-001,band_12_30__csp_8,12,30,12-30,8,band_12_30__csp_8,2
0.97376543,8.572279,2304.0,3,0train,22,2,BNCI2014-001,band_12_30__csp_8,12,30,12-30,8,band_12_30__csp_8,3
0.93267745,8.572279,2304.0,3,1test,22,2,BNCI2014-001,band_12_30__csp_8,12,30,12-30,8,band_12_30__csp_8,3
0.7609954,8.6475315,2304.0,4,0train,22,2,BNCI2014-001,band_12_30__csp_8,12,30,12-30,8,band_12_30__csp_8,4
0.806713,8.6475315,2304.0,4,1test,22,2,BNCI2014-001,band_12_30__csp_8,12,30,12-30,8,band_12_30__csp_8,4
0.50617284,8.7593565,2304.0,5,0train,22,2,BNCI2014-001,band_12_30__csp_8,12,30,12-30,8,band_12_30__csp_8,5
0.62866515,8.7593565,2304.0,5,1test,22,2,BNCI2014-001,band_12_30__csp_8,12,30,12-30,8,band_12_30__csp_8,5
0.76253855,8.675621,2304.0,6,0train,22,2,BNCI2014-001,band_12_30__csp_8,12,30,12-30,8,band_12_30__csp_8,6
0.7274306,8.675621,2304.0,6,1test,22,2,BNCI2014-001,band_12_30__csp_8,12,30,12-30,8,band_12_30__csp_8,6
0.72472996,8.555403,2304.0,7,0train,22,2,BNCI2014-001,band_12_30__csp_8,12,30,12-30,8,band_12_30__csp_8,7
0.80285496,8.555403,2304.0,7,1test,22,2,BNCI2014-001,band_12_30__csp_8,12,30,12-30,8,band_12_30__csp_8,7
0.89949846,8.537944,2304.0,8,0train,22,2,BNCI2014-001,band_12_30__csp_8,12,30,12-30,8,band_12_30__csp_8,8
0.9205247,8.537944,2304.0,8,1test,22,2,BNCI2014-001,band_12_30__csp_8,12,30,12-30,8,band_12_30__csp_8,8
0.6400463,8.483778,2304.0,9,0train,22,2,BNCI2014-001,band_12_30__csp_8,12,30,12-30,8,band_12_30__csp_8,9
0.60320216,8.483778,2304.0,9,1test,22,2,BNCI2014-001,band_12_30__csp_8,12,30,12-30,8,band_12_30__csp_8,9
0.89679784,8.7923355,2304.0,1,0train,22,2,BNCI2014-001,band_12_30__csp_10,12,30,12-30,10,band_12_30__csp_10,1
0.89448303,8.7923355,2304.0,1,1test,22,2,BNCI2014-001,band_12_30__csp_10,12,30,12-30,10,band_12_30__csp_10,1
0.4535108,8.58865,2304.0,2,0train,22,2,BNCI2014-001,band_12_30__csp_10,12,30,12-30,10,band_12_30__csp_10,2
0.4809028,8.58865,2304.0,2,1test,22,2,BNCI2014-001,band_12_30__csp_10,12,30,12-30,10,band_12_30__csp_10,2
0.9720293,8.466354,2304.0,3,0train,22,2,BNCI2014-001,band_12_30__csp_10,12,30,12-30,10,band_12_30__csp_10,3
0.931713,8.466354,2304.0,3,1test,22,2,BNCI2014-001,band_12_30__csp_10,12,30,12-30,10,band_12_30__csp_10,3
0.77700615,8.669981,2304.0,4,0train,22,2,BNCI2014-001,band_12_30__csp_10,12,30,12-30,10,band_12_30__csp_10,4
0.8229167,8.669981,2304.0,4,1test,22,2,BNCI2014-001,band_12_30__csp_10,12,30,12-30,10,band_12_30__csp_10,4
0.50829476,8.641533,2304.0,5,0train,22,2,BNCI2014-001,band_12_30__csp_10,12,30,12-30,10,band_12_30__csp_10,5
0.6275077,8.641533,2304.0,5,1test,22,2,BNCI2014-001,band_12_30__csp_10,12,30,12-30,10,band_12_30__csp_10,5
0.74633485,8.7638,2304.0,6,0train,22,2,BNCI2014-001,band_12_30__csp_10,12,30,12-30,10,band_12_30__csp_10,6
0.7199074,8.7638,2304.0,6,1test,22,2,BNCI2014-001,band_12_30__csp_10,12,30,12-30,10,band_12_30__csp_10,6
0.7347608,8.64421,2304.0,7,0train,22,2,BNCI2014-001,band_12_30__csp_10,12,30,12-30,10,band_12_30__csp_10,7
0.83777004,8.64421,2304.0,7,1test,22,2,BNCI2014-001,band_12_30__csp_10,12,30,12-30,10,band_12_30__csp_10,7
0.900463,8.767448,2304.0,8,0train,22,2,BNCI2014-001,band_12_30__csp_10,12,30,12-30,10,band_12_30__csp_10,8
0.91512346,8.767448,2304.0,8,1test,22,2,BNCI2014-001,band_12_30__csp_10,12,30,12-30,10,band_12_30__csp_10,8
0.640625,8.587773,2304.0,9,0train,22,2,BNCI2014-001,band_12_30__csp_10,12,30,12-30,10,band_12_30__csp_10,9
0.6070602,8.587773,2304.0,9,1test,22,2,BNCI2014-001,band_12_30__csp_10,12,30,12-30,10,band_12_30__csp_10,9
0.8836806,8.624084,2304.0,1,0train,22,2,BNCI2014-001,band_12_30__csp_12,12,30,12-30,12,band_12_30__csp_12,1
0.88753855,8.624084,2304.0,1,1test,22,2,BNCI2014-001,band_12_30__csp_12,12,30,12-30,12,band_12_30__csp_12,1
0.41743827,8.603384,2304.0,2,0train,22,2,BNCI2014-001,band_12_30__csp_12,12,30,12-30,12,band_12_30__csp_12,2
0.47125772,8.603384,2304.0,2,1test,22,2,BNCI2014-001,band_12_30__csp_12,12,30,12-30,12,band_12_30__csp_12,2
0.9349923,8.626387,2304.0,3,0train,22,2,BNCI2014-001,band_12_30__csp_12,12,30,12-30,12,band_12_30__csp_12,3
0.8634259,8.626387,2304.0,3,1test,22,2,BNCI2014-001,band_12_30__csp_12,12,30,12-30,12,band_12_30__csp_12,3
0.74691355,8.47032,2304.0,4,0train,22,2,BNCI2014-001,band_12_30__csp_12,12,30,12-30,12,band_12_30__csp_12,4
0.8275463,8.47032,2304.0,4,1test,22,2,BNCI2014-001,band_12_30__csp_12,12,30,12-30,12,band_12_30__csp_12,4
0.5462963,8.597036,2304.0,5,0train,22,2,BNCI2014-001,band_12_30__csp_12,12,30,12-30,12,band_12_30__csp_12,5
0.65027004,8.597036,2304.0,5,1test,22,2,BNCI2014-001,band_12_30__csp_12,12,30,12-30,12,band_12_30__csp_12,5
0.75443673,8.5631485,2304.0,6,0train,22,2,BNCI2014-001,band_12_30__csp_12,12,30,12-30,12,band_12_30__csp_12,6
0.70852625,8.5631485,2304.0,6,1test,22,2,BNCI2014-001,band_12_30__csp_12,12,30,12-30,12,band_12_30__csp_12,6
0.7175926,8.585083,2304.0,7,0train,22,2,BNCI2014-001,band_12_30__csp_12,12,30,12-30,12,band_12_30__csp_12,7
0.78549385,8.585083,2304.0,7,1test,22,2,BNCI2014-001,band_12_30__csp_12,12,30,12-30,12,band_12_30__csp_12,7
0.9035494,8.543547,2304.0,8,0train,22,2,BNCI2014-001,band_12_30__csp_12,12,30,12-30,12,band_12_30__csp_12,8
0.91512346,8.543547,2304.0,8,1test,22,2,BNCI2014-001,band_12_30__csp_12,12,30,12-30,12,band_12_30__csp_12,8
0.646412,8.709716,2304.0,9,0train,22,2,BNCI2014-001,band_12_30__csp_12,12,30,12-30,12,band_12_30__csp_12,9
0.60513115,8.709716,2304.0,9,1test,22,2,BNCI2014-001,band_12_30__csp_12,12,30,12-30,12,band_12_30__csp_12,9
0.8854167,8.750621,2304.0,1,0train,22,2,BNCI2014-001,band_12_30__csp_14,12,30,12-30,14,band_12_30__csp_14,1
0.8935185,8.750621,2304.0,1,1test,22,2,BNCI2014-001,band_12_30__csp_14,12,30,12-30,14,band_12_30__csp_14,1
0.42978394,8.667816,2304.0,2,0train,22,2,BNCI2014-001,band_12_30__csp_14,12,30,12-30,14,band_12_30__csp_14,2
0.47820216,8.667816,2304.0,2,1test,22,2,BNCI2014-001,band_12_30__csp_14,12,30,12-30,14,band_12_30__csp_14,2
0.93016976,8.564734,2304.0,3,0train,22,2,BNCI2014-001,band_12_30__csp_14,12,30,12-30,14,band_12_30__csp_14,3
0.8686343,8.564734,2304.0,3,1test,22,2,BNCI2014-001,band_12_30__csp_14,12,30,12-30,14,band_12_30__csp_14,3
0.7525077,8.50028,2304.0,4,0train,22,2,BNCI2014-001,band_12_30__csp_14,12,30,12-30,14,band_12_30__csp_14,4
0.8177083,8.50028,2304.0,4,1test,22,2,BNCI2014-001,band_12_30__csp_14,12,30,12-30,14,band_12_30__csp_14,4
0.552662,8.683693,2304.0,5,0train,22,2,BNCI2014-001,band_12_30__csp_14,12,30,12-30,14,band_12_30__csp_14,5
0.62924385,8.683693,2304.0,5,1test,22,2,BNCI2014-001,band_12_30__csp_14,12,30,12-30,14,band_12_30__csp_14,5
0.74575615,8.652364,2304.0,6,0train,22,2,BNCI2014-001,band_12_30__csp_14,12,30,12-30,14,band_12_30__csp_14,6
0.6888503,8.652364,2304.0,6,1test,22,2,BNCI2014-001,band_12_30__csp_14,12,30,12-30,14,band_12_30__csp_14,6
0.71161264,8.532608,2304.0,7,0train,22,2,BNCI2014-001,band_12_30__csp_14,12,30,12-30,14,band_12_30__csp_14,7
0.7685185,8.532608,2304.0,7,1test,22,2,BNCI2014-001,band_12_30__csp_14,12,30,12-30,14,band_12_30__csp_14,7
0.9137731,8.50001,2304.0,8,0train,22,2,BNCI2014-001,band_12_30__csp_14,12,30,12-30,14,band_12_30__csp_14,8
0.9293981,8.50001,2304.0,8,1test,22,2,BNCI2014-001,band_12_30__csp_14,12,30,12-30,14,band_12_30__csp_14,8
0.64911264,8.662628,2304.0,9,0train,22,2,BNCI2014-001,band_12_30__csp_14,12,30,12-30,14,band_12_30__csp_14,9
0.6383102,8.662628,2304.0,9,1test,22,2,BNCI2014-001,band_12_30__csp_14,12,30,12-30,14,band_12_30__csp_14,9
